PRODUCT TITLE,PRICE,RATING
"Dell 22"" Full HD LED Monitor, Thin Bezel, Space-Saving Base, SE2219H",149.99
"Sceptre E248W-19203R 24"" Ultra Thin 75Hz 1080p LED Monitor 2x HDMI VGA Build-in Speakers, Metallic Black 2018",100.20
"Acer SB220Q bi 21.5 Inches Full HD (1920 x 1080) IPS Ultra-Thin Zero Frame Monitor (HDMI & VGA port),Black",89.99
"HP VH240a 23.8-inch Full HD 1080p IPS LED Monitor with Built-in Speakers and VESA Mounting, Rotating Portrait & Landscape, Tilt, and HDMI & VGA Ports (1KL30AA) - Black",100.20
"Acer R240HY bidx 23.8-Inch IPS HDMI DVI VGA (1920 x 1080) Widescreen Monitor,Black",129.99
"Portable Monitor - Upgraded 15.6"" USB-C Computer Monitor, 1080P Full HD IPS Panel, Ultra-Slim HDR Gaming Monitor, Stereo Speakers, OSD Menu, Type-C & HDMI Ports for PC Laptop Phone PS4 Xbox",119.99
BenQ 24 Inch IPS Monitor | 1080P | Proprietary Eye-Care Tech | Ultra-Slim Bezel | Adaptive Brightness for Image Quality | Speakers | GW2480,149.00
"Sceptre 24"" Curved 75Hz Gaming LED Monitor Full HD 1080P HDMI VGA Speakers, VESA Wall Mount Ready Metal Black 2019 (C248W-1920RN)",96.33
"HP Pavilion 22cwa 21.5-Inch Full HD 1080p IPS LED Monitor, Tilt, VGA and HDMI (T4Q59AA) - Black",179.99
"LG 34WN80C-B 34 inch 21:9 Curved UltraWide WQHD IPS Monitor with USB Type-C Connectivity sRGB 99% Color Gamut and HDR10 Compatibility, Black (2019)",119.99
"VIOTEK NBV27CB 27-Inch Curved Monitor 75Hz | 1920x1080p (FHD) 16:9 Widescreen | Low-Bezel, 1500R Curvature | Game-Ready FreeSync FPS/RTS | HDMI VGA 3.5mm | Zero-Tolerance Dead Pixel Policy (VESA)",89.99
"LG 27GL83A-B 27 Inch Ultragear QHD IPS 1ms NVIDIA G-SYNC Compatible Gaming Monitor, Black",169.99
"ViewSonic VX2452MH 24 Inch 2ms 60Hz 1080p Gaming Monitor with HDMI DVI and VGA inputs, Black",189.99
"Asus VA24EHE 23.8” Monitor, 1080P, Full HD, IPS, 75Hz, HDMI D-Sub DVI-D, Adaptive-Sync / FreeSync, VESA wall mountable, Eye Care, Flicker-free and Low Blue Light",229.99
"LG 24M47VQ 24-Inch LED-lit Monitor, Black",249.99
"Large Dual Monitor Stand for Computer Screens - Solid Bamboo Riser Supports The Heaviest Monitors, Printers, Laptops or TVs - Perfect Shelf Organizer for Office Desk Accessories & TV Stands (Brown)",109.99
"Dell E Series 23-Inch Screen LED-lit Monitor (Dell E2318Hx), Black",129.99
"LG 27UK850-W 27"" 4K UHD IPS Monitor with HDR10 with USB Type-C Connectivity and FreeSync, White",189.99
"Dell P2419H 24 Inch LED-Backlit, Anti-Glare, 3H Hard Coating IPS Monitor - (8 ms Response, FHD 1920 x 1080 at 60Hz, 1000:1 Contrast, with ComfortView DisplayPort, VGA, HDMI and USB), Black",119.99
"ViewSonic VA2246MH-LED 22 Inch Full HD 1080p LED Monitor with HDMI and VGA Inputs for Home and Office,Black",149.00
Eyoyo 10 inch Monitor HDMI LCD Monitor 1920x1200 16:10 IPS Screen Display with BNC VGA AV Output for CCTV DVD PC Laptop DVR Built-in Loudspeakers,129.99
Sense Energy Monitor with Solar – Track Electricity Usage and Solar Production in Real Time and Save Money – Meets Rigorous ETL/Intertek Safety Standards,99.99
